"age","s","female","male","ethblack","ethhisp","wexp","married","sf","sm","siblings","earnings","asvab02","asvab03","learnings","wexpsq"
40,17,0,1,0,0,17.5769195556641,1,16,16,5,30.4400005340576,66,57,3.41575755053808,308.948089599609
38,18,0,1,0,0,11.1730804443359,0,16,16,2,57.689998626709,50,60,4.05508382446413,124.837730407715
38,18,0,1,0,0,13.75,1,16,15,5,37.7900009155273,57,42,3.63204454158811,189.0625
38,12,0,1,0,0,21.5769195556641,1,16,16,1,18.4899997711182,34,48,2.91723003302035,465.563446044922
44,13,0,1,0,0,21.8269195556641,1,12,12,3,27,47,52,3.29583686600433,476.414428710938
44,12,0,1,0,0,20.3846092224121,1,10,10,3,14,58,56,2.63905732961526,415.532287597656
40,16,0,1,0,0,13.019229888916,1,16,16,2,38.810001373291,59,51,3.65867798076579,169.500350952148
38,12,0,1,0,0,19,0,12,12,1,22.1800003051758,50,56,3.09919099568127,361
41,12,0,1,0,0,22.4038505554199,1,9,11,4,12.3000001907349,50,59,2.50959927788527,501.932525634766
41,14,0,1,0,0,16.519229888916,0,14,12,4,11.8999996185303,53,56,2.4765383680612,272.884948730469
39,19,0,1,0,0,10.961540222168,0,12,16,1,27.3999996185303,51,51,3.31054299947177,120.155364990234
39,12,0,1,1,0,6.69230699539185,0,12,12,0,13.5,38,47,2.60268968544438,44.7869720458984
44,12,0,1,0,0,21.307689666748,1,0,0,2,25,40,29,3.2188758248682,454.017639160156
42,12,0,1,0,0,20.038459777832,0,9,11,4,10,31,41,2.30258509299405,401.539855957031
42,19,0,1,0,0,16.8846092224121,1,16,16,2,81.8199996948242,64,60,4.40452170877141,285.090026855469
40,14,0,1,0,0,15.038459777832,1,14,16,2,15.3800001144409,46,54,2.73306797151839,226.1552734375
42,14,0,1,0,0,21.961540222168,0,14,12,0,28.8400001525879,61,55,3.36176331770759,482.309234619141
44,15,0,1,0,0,20.75,1,12,14,4,9.60999965667725,64,61,2.26280418725663,430.5625
39,9,0,1,0,0,4.26923084259033,1,10,9,3,12.5,36,25,2.52572864430826,18.2263317108154
44,14,0,1,0,0,23.269229888916,1,8,12,8,15.9300003051758,65,52,2.76820414307926,541.45703125
38,16,0,1,0,0,16.3846092224121,1,12,10,2,83.3300018310547,58,54,4.42280865036765,268.455413818359
45,12,0,1,0,0,21.1153907775879,1,7,12,2,18.75,53,55,2.93119375241642,445.859741210938
40,13,0,1,1,0,21.3653907775879,1,12,12,2,21.8299999237061,40,47,3.08328516706694,456.479919433594
42,14,0,1,0,0,20.788459777832,1,12,12,3,28.8400001525879,46,51,3.36176331770759,432.160064697266
39,12,0,1,0,0,22.0769195556641,1,10,12,1,16.7099990844727,53,55,2.81600728781811,487.390380859375
38,18,0,1,0,0,13.307689666748,1,14,12,1,38.4599990844727,51,51,3.64961871635597,177.094604492188
42,12,0,1,0,0,19.6730804443359,1,14,10,6,18.2000007629395,46,55,2.9014216360025,387.030090332031
39,14,0,1,0,0,15.25,1,12,12,2,36.0499992370605,64,42,3.58490684256759,232.5625
40,19,0,1,0,0,11.711540222168,1,16,16,2,25.7600002288818,65,60,3.24882291012132,137.160171508789
43,11,0,1,0,0,23.019229888916,1,10,12,4,21.1100006103516,53,51,3.04974689077314,529.884948730469
39,13,0,1,0,1,14.192310333252,1,12,12,3,23.6000003814697,38,33,3.16124672819554,201.421676635742
42,12,0,1,0,0,19.1346092224121,1,11,8,7,20.9400005340576,64,55,3.04166123094657,366.133270263672
42,12,0,1,0,0,21.5,0,14,12,1,21,53,54,3.04452243772342,462.25
39,16,0,1,0,0,16.038459777832,1,13,12,5,17.9400005340576,51,54,2.88703288639975,257.232177734375
41,12,0,1,0,0,21.9230804443359,1,12,12,1,10.8299999237061,45,50,2.38232005396821,480.621459960938
43,16,0,1,0,0,16.9230804443359,1,20,17,3,15.6899995803833,62,59,2.75302354000073,286.390655517578
37,13,0,1,0,0,17.192310333252,1,12,12,3,18,59,46,2.89037175789616,295.575531005859
40,12,0,1,0,0,14.307689666748,1,12,11,1,12.5,47,50,2.52572864430826,204.709976196289
39,13,0,1,0,0,18.3846092224121,1,12,11,3,25,62,56,3.2188758248682,337.993865966797
41,14,0,1,0,0,10.75,1,17,12,7,11.3900003433228,65,60,2.43273580760156,115.5625
43,16,0,1,1,0,19.480770111084,0,6,12,2,23.25,49,60,3.14630513203337,379.500396728516
43,12,0,1,0,0,21.6730804443359,0,8,10,4,14.25,43,54,2.65675690671466,469.722412109375
40,15,0,1,0,1,20.557689666748,0,11,12,2,24.6100006103516,64,42,3.20315288920392,422.618591308594
41,12,0,1,0,0,18.0961494445801,0,12,12,1,17.75,42,59,2.87638551592142,327.470611572266
40,14,0,1,0,0,18.288459777832,0,16,16,3,15,51,55,2.70805020110221,334.4677734375
45,12,0,1,1,0,21.3653907775879,1,10,11,6,12,35,28,2.484906649788,456.479919433594
39,14,0,1,0,0,1.92307698726654,0,11,11,2,8,54,48,2.07944154167984,3.6982250213623
38,14,0,1,0,0,18.1538505554199,0,10,12,0,8,62,61,2.07944154167984,329.562286376953
40,14,0,1,0,0,13.807689666748,1,8,5,5,13.7299995422363,58,59,2.61958318643948,190.652297973633
44,19,0,1,0,0,10.3269195556641,1,18,15,3,48.0699996948242,65,60,3.8726582755573,106.64527130127
45,12,0,1,0,0,23.4038505554199,1,8,8,7,12.4399995803833,46,54,2.52091705357979,547.740234375
40,12,0,1,0,1,8.90384578704834,0,5,5,3,8,39,29,2.07944154167984,79.2784729003906
41,10,0,1,0,0,15.6153898239136,0,9,12,5,13.5,38,33,2.60268968544438,243.840393066406
40,16,0,1,0,0,18.3269195556641,0,16,12,7,11.9200000762939,66,60,2.4782176680377,335.8759765625
39,12,0,1,0,0,18.538459777832,1,13,13,5,25.5,54,51,3.23867845216438,343.674499511719
45,12,0,1,0,0,20.8269195556641,1,12,12,4,27.7700004577637,62,60,3.32395631780282,433.760589599609
41,16,0,1,0,0,17.557689666748,0,12,12,2,13,62,61,2.56494935746154,308.2724609375
39,12,0,1,0,0,18.6153907775879,1,12,10,1,20.1000003814697,61,59,3.00071983404362,346.532775878906
37,12,0,1,1,0,17.3461494445801,1,10,11,6,9.80000019073486,38,33,2.28238240513927,300.888885498047
38,16,0,1,0,0,17.3653907775879,1,12,12,4,22.4300003051758,66,60,3.11039936213781,301.556793212891
44,12,0,1,1,0,22.3846092224121,0,10,9,3,10.5600004196167,34,39,2.35707331801454,501.070739746094
39,9,0,1,0,0,21.8269195556641,1,10,9,3,16.3600006103516,36,29,2.79483936848215,476.414428710938
45,8,0,1,0,0,22.442310333252,0,3,6,1,12.3000001907349,54,31,2.50959927788527,503.657287597656
41,16,0,1,0,0,18.442310333252,1,14,12,1,23.0699996948242,61,54,3.13853305895741,340.118804931641
39,12,0,1,1,0,19.538459777832,1,11,10,3,13.7299995422363,35,29,2.61958318643948,381.751403808594
41,12,0,1,0,0,19.6346092224121,1,12,12,3,58.5999984741211,58,55,4.07073467054408,385.517883300781
42,12,0,1,0,0,21.6538505554199,0,12,12,3,12,51,43,2.484906649788,468.889251708984
39,12,0,1,0,0,20.6153907775879,1,12,14,1,10,49,59,2.30258509299405,424.994323730469
45,9,0,1,0,0,20.480770111084,1,6,8,8,9.85000038146973,43,43,2.28747149391189,419.461944580078
40,12,0,1,0,0,20.6153907775879,1,12,11,4,12,57,54,2.484906649788,424.994323730469
45,11,0,1,0,0,21.019229888916,0,12,12,1,13.5,39,56,2.60268968544438,441.808013916016
38,16,0,1,0,0,12.038459777832,1,12,16,6,56,58,60,4.02535169073515,144.924514770508
39,19,0,1,0,0,8.23076915740967,1,11,14,2,32.689998626709,66,60,3.4870691787266,67.7455596923828
39,16,0,1,0,1,15.288459777832,1,3,11,4,14.2399997711182,50,50,2.65605488991067,233.736999511719
37,12,0,1,1,0,19.269229888916,1,10,10,3,20,42,39,2.99573227355399,371.30322265625
39,18,0,1,0,0,14.1346101760864,1,13,16,2,39.310001373291,58,56,3.67147897436867,199.787200927734
43,12,0,1,0,0,23.3653907775879,1,8,12,3,36.3199996948242,65,57,3.59236854533068,545.941467285156
44,12,0,1,0,0,23.1346092224121,1,11,12,1,21.6299991607666,50,54,3.07408120116546,535.210144042969
38,18,0,1,0,0,9.67307662963867,0,16,13,3,31.25,51,54,3.44201937618241,93.5684127807617
43,12,0,1,1,0,21.769229888916,0,10,12,2,9.15999984741211,47,46,2.21484616202797,473.899383544922
43,12,0,1,0,0,22.961540222168,1,12,12,2,27.7999992370605,59,56,3.32503599325273,527.232299804688
40,12,0,1,1,0,21.1153907775879,0,12,10,3,17.9500007629395,36,28,2.88759015743788,445.859741210938
41,12,0,1,0,0,13.1730804443359,0,14,12,3,12.5,53,48,2.52572864430826,173.530044555664
39,16,0,1,0,0,14.461540222168,1,13,12,2,16.1499996185303,66,55,2.78192002604825,209.136138916016
42,15,0,1,0,0,12.961540222168,1,14,16,2,2.5,61,59,0.916290731874155,168.001525878906
40,16,0,1,0,0,17.0769195556641,1,9,11,2,20.7399997711182,51,56,3.03206419176561,291.621185302734
37,12,0,1,0,0,15.230770111084,0,2,8,12,12,38,26,2.484906649788,231.976364135742
44,19,0,1,0,0,18.942310333252,1,16,16,2,47,66,61,3.85014760171006,358.811126708984
43,13,0,1,0,0,20.269229888916,1,1,3,8,20.5,43,42,3.02042488614436,410.841674804688
39,16,0,1,0,0,17.4038505554199,1,16,14,4,33.7599983215332,66,59,3.51927662001014,302.894012451172
44,16,0,1,0,0,21.288459777832,1,12,12,1,42.5900001525879,51,54,3.75161948751784,453.198516845703
38,12,0,1,0,1,19.75,1,8,8,7,20,36,42,2.99573227355399,390.0625
41,18,0,1,0,0,16.769229888916,1,17,16,3,71.2200012207031,65,59,4.26577369498952,281.207061767578
44,19,0,1,0,0,17.961540222168,1,18,16,1,47,54,60,3.85014760171006,322.616912841797
40,12,0,1,0,0,17.75,1,6,10,4,25,38,33,3.2188758248682,315.0625
45,12,0,1,0,0,19,1,11,9,3,29.7999992370605,54,55,3.39450836790936,361
44,12,0,1,1,0,19.288459777832,0,7,10,2,4.46000003814697,38,33,1.49514877458511,372.044677734375
44,16,0,1,0,0,19.8461494445801,1,13,12,3,26.0400009155273,45,60,3.25963385249887,393.869659423828
41,12,0,1,0,0,22.788459777832,1,8,12,1,13.2700004577637,53,50,2.58550588284025,519.313903808594
44,17,0,1,0,0,17.1153907775879,1,12,12,2,18,65,61,2.89037175789616,292.936614990234
42,9,0,1,0,0,22.0769195556641,0,13,15,5,18.2600002288818,55,60,2.90471288770142,487.390380859375
37,12,0,1,0,0,13.8846101760864,1,11,12,3,9.25,59,42,2.22462355152433,192.78239440918
38,14,0,1,0,1,15.019229888916,1,12,12,2,23.0699996948242,46,56,3.13853305895741,225.577270507812
45,14,0,1,0,0,22.1153907775879,1,7,4,5,21.8999996185303,61,60,3.08648661940375,489.090515136719
40,12,0,1,0,0,21.6730804443359,1,12,12,3,13.3999996185303,47,41,2.59525467848898,469.722412109375
37,16,0,1,0,0,13.1346101760864,1,16,16,2,15,45,54,2.70805020110221,172.517990112305
43,17,0,1,0,0,19.019229888916,1,16,14,3,30,54,56,3.40119738166216,361.731109619141
39,12,0,1,0,0,20.6538505554199,1,9,10,6,12.539999961853,47,35,2.52892353216275,426.58154296875
44,13,0,1,0,0,22.0769195556641,0,16,12,2,113.959999084473,66,61,4.73584750159595,487.390380859375
38,15,0,1,0,0,10.9038496017456,1,15,12,1,39.5299987792969,57,60,3.67705984642817,118.893936157227
39,14,0,1,0,0,15.557689666748,1,6,6,4,14.210000038147,57,51,2.65394594479353,242.041702270508
40,12,0,1,0,0,18.230770111084,1,12,10,2,16,35,52,2.77258872223978,332.360992431641
43,15,0,1,1,0,17.9038505554199,1,12,15,1,11.3599996566772,50,59,2.43009838307093,320.5478515625
41,12,0,1,0,0,21.9230804443359,0,8,8,4,14.6300001144409,55,37,2.68307422285438,480.621459960938
38,13,0,1,0,0,9.26923084259033,1,16,12,2,38.8800010681152,53,48,3.66048000706434,85.9186401367188
44,12,0,1,0,0,20.230770111084,1,12,12,5,16.6100006103516,55,47,2.81000496037123,409.284057617188
38,10,0,1,1,0,5.75,0,10,12,3,4.3600001335144,35,38,1.47247208798351,33.0625
39,13,0,1,1,0,19.230770111084,1,12,12,3,14,40,41,2.63905732961526,369.822509765625
44,13,0,1,0,0,22.1346092224121,0,11,11,2,28.8400001525879,66,61,3.36176331770759,489.94091796875
38,16,0,1,0,0,11.788459777832,1,10,12,1,32.0499992370605,55,59,3.46729715956202,138.967788696289
40,12,0,1,0,0,19.3653907775879,1,12,11,2,25.8999996185303,51,57,3.25424295397693,375.018371582031
43,16,0,1,0,0,21.461540222168,1,18,12,0,86.5299987792969,61,57,4.46049116051137,460.597717285156
41,14,0,1,0,0,19.519229888916,1,9,10,3,18.1800003051758,40,52,2.90032210553568,381.000335693359
38,12,0,1,0,0,19.9038505554199,1,8,11,0,14.1999998092651,53,44,2.65324195117518,396.163269042969
40,16,0,1,0,0,14.8846101760864,0,16,12,1,69.7600021362305,50,59,4.24506081022329,221.551620483398
38,12,0,1,1,0,7.25,1,11,8,2,8.11999988555908,42,35,2.09433014007988,52.5625
44,14,0,1,0,0,18.269229888916,1,10,10,4,23.0400009155273,64,52,3.13723187556412,333.764770507812
42,12,0,1,0,0,23.307689666748,1,12,12,6,19.4599990844727,57,57,2.96836102971123,543.248413085938
39,17,0,1,0,0,10,1,16,16,2,36.0499992370605,66,57,3.58490684256759,100
43,12,0,1,1,0,20.3846092224121,0,12,8,2,15,36,59,2.70805020110221,415.532287597656
43,11,0,1,0,0,20.8846092224121,0,12,11,6,14.1000003814697,53,51,2.64617482443871,436.166900634766
41,12,0,1,0,0,14.4230804443359,0,10,12,1,9,42,56,2.19722457733622,208.025253295898
39,12,0,1,0,0,20.519229888916,1,12,12,5,21.6299991607666,42,51,3.07408120116546,421.038787841797
38,12,0,1,0,0,10.6538496017456,1,9,13,1,16.0200004577637,49,42,2.77383797021472,113.504508972168
40,12,0,1,0,0,18.538459777832,1,12,12,3,13.6700000762939,53,48,2.61520365631698,343.674499511719
43,14,0,1,0,0,21.480770111084,0,14,16,2,26.4400005340576,59,59,3.27487803518234,461.423492431641
40,12,0,1,0,0,19.057689666748,1,11,12,5,18.9599990844727,51,46,2.94233144853957,363.195526123047
45,12,0,1,0,0,22.8846092224121,1,12,10,6,24.9400005340576,64,56,3.21647296166559,523.705322265625
42,12,0,1,0,0,22.5,1,12,11,3,19.2299995422363,65,59,2.95647153579602,506.25
39,13,0,1,0,0,16.538459777832,1,9,8,3,13.75,47,52,2.62103882411258,273.520660400391
37,14,0,1,0,0,10.019229888916,0,16,13,2,5.25,57,48,1.65822807660353,100.384963989258
45,16,0,1,0,0,23.211540222168,1,12,12,2,123.930000305176,64,60,4.81971689253927,538.775573730469
44,19,0,1,0,0,15.5,1,16,15,5,39.810001373291,65,59,3.68411817150836,240.25
39,18,0,1,0,0,14.192310333252,1,20,16,2,113.120002746582,66,61,4.72844922642851,201.421676635742
41,12,0,1,0,0,13.8846101760864,1,18,12,1,11.4200000762939,50,41,2.43536621090859,192.78239440918
44,12,0,1,0,0,16.9038505554199,1,12,12,3,7.5,47,52,2.01490302054226,285.740173339844
44,9,0,1,0,0,15.788459777832,1,7,12,11,9.85000038146973,42,34,2.28747149391189,249.275466918945
41,12,0,1,0,1,14.692310333252,1,6,9,7,10.75,38,46,2.37490575457367,215.863983154297
38,14,0,1,0,0,17.4230804443359,1,16,12,1,16.8199996948242,43,55,2.82256863640118,303.563720703125
40,12,0,1,0,0,21.038459777832,1,16,8,3,16.6200008392334,57,47,2.81060683992269,442.616790771484
41,14,0,1,0,0,20.442310333252,1,13,15,2,24.0300006866455,64,60,3.17930307832289,417.888061523438
39,12,0,1,1,0,17.6730804443359,0,10,16,3,12,51,52,2.484906649788,312.337768554688
41,12,0,1,0,1,19.6538505554199,1,12,8,5,16,46,44,2.77258872223978,386.273834228516
39,14,0,1,0,0,18.288459777832,1,12,12,2,17.2999992370605,49,48,2.85070645740319,334.4677734375
43,12,0,1,0,0,22.8269195556641,1,12,12,3,26.4400005340576,59,60,3.27487803518234,521.068237304688
40,12,0,1,0,0,17.269229888916,0,12,6,2,11.1599998474121,35,34,2.41233594328041,298.226287841797
40,12,0,1,1,0,20.442310333252,1,7,10,2,12,31,44,2.484906649788,417.888061523438
40,12,0,1,0,0,17.269229888916,1,16,16,3,15.5,47,48,2.7408400239252,298.226287841797
40,17,0,1,0,0,15.192310333252,0,16,12,6,22.4300003051758,61,60,3.11039936213781,230.806289672852
38,12,0,1,0,0,10.75,1,4,6,1,12.7200002670288,42,29,2.54317557890481,115.5625
39,20,0,1,0,1,7.42307710647583,0,12,12,1,19.5799999237061,61,57,2.97450863320584,55.1020736694336
40,16,0,1,0,0,18.4230804443359,1,12,12,2,23.7000007629395,62,56,3.16547508033262,339.409881591797
41,12,0,1,1,0,9.51923084259033,0,6,6,10,5.15000009536743,47,39,1.63899673319359,90.6157531738281
38,12,0,1,1,0,17.269229888916,0,9,6,9,10.6700000762939,38,41,2.36743607246398,298.226287841797
41,13,0,1,0,0,16.942310333252,1,14,12,2,11.25,53,51,2.42036812865043,287.041870117188
37,13,0,1,0,0,19.038459777832,1,12,12,4,11.6199998855591,51,41,2.45272774157515,362.462951660156
39,16,0,1,0,0,16,1,12,13,2,26.4899997711182,50,55,3.27676729464367,256
37,14,0,1,0,0,10.942310333252,1,12,11,2,15.6199998855591,57,55,2.74855213708498,119.734153747559
40,18,0,1,0,0,8.75,0,8,12,2,15.5,66,60,2.7408400239252,76.5625
40,12,0,1,0,0,21.8461494445801,1,12,10,0,32.5,54,52,3.48124008933569,477.254241943359
38,12,0,1,0,0,20.019229888916,1,12,12,2,36.9199981689453,38,37,3.60875336003945,400.769561767578
39,18,0,1,0,0,7.01923084259033,1,15,12,2,21.9200000762939,49,56,3.08739946556038,49.2695999145508
42,12,0,1,0,0,23.0769195556641,1,12,12,2,10.5,57,48,2.35137525716348,532.544189453125
43,13,0,1,0,0,20.807689666748,1,12,10,5,20.6800003051758,65,56,3.02916706439728,432.9599609375
44,20,0,1,0,0,18.1346092224121,1,16,14,3,55.939998626709,62,60,4.02427966322446,328.864044189453
37,16,0,1,0,0,15.980770111084,1,18,12,2,31.8600006103516,45,47,3.4613513236392,255.385009765625
40,17,0,1,0,0,15.8846101760864,1,18,16,2,16.9200000762939,64,59,2.82849635868718,252.320846557617
43,14,0,1,0,0,17.8846092224121,1,6,13,2,18,54,59,2.89037175789616,319.859252929688
37,12,0,1,0,0,18.711540222168,1,10,9,2,15.3800001144409,35,28,2.73306797151839,350.121734619141
41,14,0,1,0,0,20.3846092224121,1,18,12,3,23.0699996948242,61,60,3.13853305895741,415.532287597656
40,13,0,1,0,0,21.692310333252,0,14,12,1,30,46,52,3.40119738166216,470.556335449219
41,13,0,1,0,1,18.0769195556641,0,4,6,1,12,42,50,2.484906649788,326.775024414062
41,15,0,1,0,0,11.980770111084,1,14,14,3,32.689998626709,57,54,3.4870691787266,143.538848876953
45,13,0,1,0,0,22.0769195556641,0,10,12,1,21.3600006103516,61,57,3.06152004266651,487.390380859375
44,14,0,1,0,0,22.75,1,14,16,2,34,46,52,3.52636052461616,517.5625
43,15,0,1,0,0,14.442310333252,1,14,18,1,13.8999996185303,61,57,2.63188881269278,208.580322265625
43,9,0,1,0,0,10.961540222168,1,4,7,3,8,35,35,2.07944154167984,120.155364990234
38,12,0,1,0,0,17.6538505554199,0,16,12,5,13,61,52,2.56494935746154,311.658447265625
40,18,0,1,0,0,11.8653898239136,0,12,12,1,50.1599998474121,65,61,3.91521789328264,140.787475585938
45,17,0,1,0,0,22.269229888916,1,17,17,2,40,64,61,3.68887945411394,495.918609619141
45,18,0,1,0,0,6.25,1,12,12,2,17.4400005340576,59,60,2.8587664491034,39.0625
44,14,0,1,0,0,20.6538505554199,1,10,12,0,8.5,42,54,2.14006616349627,426.58154296875
44,18,0,1,0,0,19.980770111084,1,17,16,2,16.6599998474121,66,56,2.81301062757976,399.231170654297
38,13,0,1,0,0,11.1346101760864,1,12,12,8,14.460000038147,62,57,2.67138621936872,123.979545593262
43,14,0,1,0,0,16.557689666748,0,12,12,1,8.81999969482422,40,51,2.17702183541827,274.157073974609
38,18,0,1,0,0,13.942310333252,1,8,8,6,64.0999984741211,65,61,4.16044434012196,194.38801574707
38,12,0,1,0,0,12.480770111084,0,8,12,2,5.15000009536743,65,61,1.63899673319359,155.769622802734
37,16,0,1,0,0,16.6346092224121,1,16,14,2,34.5200004577637,54,54,3.54153887947605,276.710235595703
39,12,0,1,0,0,13.6730804443359,1,9,8,3,15.6300001144409,35,33,2.74919215175526,186.953125
42,12,0,1,0,0,23.3461494445801,1,12,12,2,17.1700000762939,58,52,2.84316367935283,545.042663574219
45,13,0,1,0,1,15.6153898239136,0,0,2,6,12.9799995422363,45,38,2.5634096760091,243.840393066406
40,12,0,1,0,0,21.6153907775879,1,12,12,3,11.2700004577637,42,46,2.42214436866958,467.225128173828
40,12,0,1,0,0,19.9038505554199,1,12,12,1,15,40,38,2.70805020110221,396.163269042969
41,16,0,1,0,0,18.980770111084,1,16,14,2,20.7600002288818,64,59,3.03302806932282,360.269622802734
42,12,0,1,0,0,3.01923108100891,1,12,9,3,17.2999992370605,49,37,2.85070645740319,9.11575603485107
43,10,0,1,0,0,22.980770111084,1,7,9,3,19.2299995422363,53,52,2.95647153579602,528.115783691406
42,13,0,1,1,0,21.480770111084,0,8,12,3,24,38,42,3.17805383034795,461.423492431641
40,12,0,1,0,0,21.1538505554199,1,12,12,2,17.5200004577637,54,59,2.86334311163631,447.485382080078
41,12,0,1,0,0,19.8461494445801,0,12,7,0,26.2199993133545,36,44,3.2665224521477,393.869659423828
41,16,0,1,0,0,18.3461494445801,0,11,12,2,58,65,61,4.06044301054642,336.581207275391
41,12,0,1,0,0,20.692310333252,0,12,12,2,14.8900003433228,47,50,2.70068986975319,428.171691894531
43,12,0,1,0,0,23.1153907775879,1,11,11,4,20.7600002288818,59,56,3.03302806932282,534.3212890625
40,14,0,1,0,0,17.5769195556641,0,12,12,5,6.75,58,57,1.90954250488444,308.948089599609
41,16,0,1,0,0,19.1153907775879,1,9,12,1,32.0499992370605,66,61,3.46729715956202,365.398162841797
38,12,0,1,0,1,9.78846168518066,0,12,16,3,4,39,44,1.38629436111989,95.8139801025391
41,16,0,1,0,0,18.5769195556641,1,14,12,2,34.6100006103516,64,56,3.54414267528237,345.101928710938
40,12,0,1,0,0,23.25,0,10,11,1,8.11999988555908,42,55,2.09433014007988,540.5625
44,12,0,1,0,0,22.1346092224121,0,12,12,4,23,45,50,3.13549421592915,489.94091796875
42,20,0,1,0,0,11.480770111084,0,6,19,3,35.5699996948242,65,59,3.57150257738078,131.808074951172
40,12,0,1,0,0,16.769229888916,1,12,12,5,9.94999980926514,58,61,2.29757253200117,281.207061767578
39,12,0,1,0,0,20.1730804443359,0,12,12,6,15,38,41,2.70805020110221,406.953186035156
40,12,0,1,0,0,22.3846092224121,1,12,12,1,19.0200004577637,55,51,2.94549108118473,501.070739746094
40,15,0,1,0,0,20.1538505554199,1,12,10,3,36.7099990844727,46,54,3.60304917256929,406.177703857422
38,16,0,1,0,0,13.307689666748,1,16,12,3,20.1499996185303,53,57,3.00320426946119,177.094604492188
44,11,0,1,1,0,6.73076915740967,0,6,12,7,6.15000009536743,39,28,1.81645209732533,45.3032531738281
41,12,0,1,0,0,22.6346092224121,1,12,12,7,25.6200008392334,64,57,3.24337332922555,512.325561523438
38,12,0,1,0,0,19.5961494445801,1,12,12,4,15.6000003814697,35,44,2.74727093870868,384.009063720703
45,12,0,1,0,0,23.192310333252,1,12,12,4,40.060001373291,62,48,3.69037836451853,537.883239746094
41,12,0,1,0,0,21.769229888916,0,11,12,0,16,40,48,2.77258872223978,473.899383544922
39,12,0,1,0,0,20.8269195556641,1,6,12,0,17.8500003814697,42,39,2.8820035295965,433.760589599609
43,12,0,1,0,0,23.038459777832,1,12,11,2,12.0100002288818,64,52,2.4857396551495,530.770629882812
41,16,0,1,0,0,17.3846092224121,1,18,15,1,34.6100006103516,59,48,3.54414267528237,302.224639892578
44,12,0,1,0,0,22.6346092224121,1,11,10,1,11.3199996948242,54,51,2.42657104581605,512.325561523438
42,18,0,1,0,0,20.6153907775879,1,13,12,4,64.9000015258789,55,61,4.17284764722128,424.994323730469
38,12,0,1,0,0,18.211540222168,0,19,12,2,38.4599990844727,65,61,3.64961871635597,331.660186767578
41,12,0,1,0,0,22.980770111084,0,12,12,6,26.8199996948242,61,52,3.28914786647487,528.115783691406
44,14,0,1,0,0,19.5769195556641,1,10,12,2,21.1499996185303,62,60,3.05163988745589,383.255767822266
41,9,0,1,0,0,20.442310333252,1,9,9,4,17.1200008392334,38,33,2.84024741973424,417.888061523438
44,13,0,1,0,0,22.538459777832,1,12,10,9,28.7999992370605,62,59,3.36037536065095,507.982177734375
41,18,0,1,0,0,16.961540222168,1,8,12,4,20,62,43,2.99573227355399,287.69384765625
43,16,0,1,0,1,22.192310333252,1,12,9,4,30.2800006866455,64,59,3.41048745124578,492.498626708984
44,16,0,1,0,0,19.019229888916,0,12,12,1,54.2700004577637,58,56,3.99397159651024,361.731109619141
40,12,0,1,0,0,20.807689666748,1,12,12,6,17.5400009155273,64,54,2.86448403914058,432.9599609375
44,11,0,1,1,0,21.519229888916,1,9,6,9,6.96999979019165,30,37,1.9416151946708,463.077239990234
43,14,0,1,0,1,19.269229888916,0,5,6,7,12.1999998092651,54,59,2.50143593610521,371.30322265625
41,16,0,1,0,0,15.3269195556641,1,16,16,3,29.7999992370605,64,43,3.39450836790936,234.914459228516
39,19,0,1,0,0,13.6730804443359,1,12,10,2,48.0699996948242,66,59,3.8726582755573,186.953125
45,13,0,1,0,0,21.9230804443359,1,15,12,2,29.6100006103516,65,59,3.38811216272652,480.621459960938
43,14,0,1,0,0,23.211540222168,1,17,14,3,30.2700004577637,64,61,3.41015713815631,538.775573730469
38,16,0,1,0,0,12.9230804443359,1,16,12,2,26.5100002288818,58,59,3.27752202893473,167.006011962891
40,12,0,1,0,0,22.0961494445801,1,12,12,2,50,64,54,3.91202300542815,488.239807128906
44,19,0,1,0,0,1.78846204280853,1,16,14,3,37.1100006103516,65,60,3.6138864915196,3.19859647750854
39,11,0,1,0,0,16.1730804443359,1,14,12,2,10,35,21,2.30258509299405,261.568542480469
39,12,0,1,0,0,19.9038505554199,1,14,12,3,16.1599998474121,43,37,2.78253904365063,396.163269042969
41,14,0,1,0,0,20.192310333252,1,12,12,2,55.5499992370605,61,61,4.01728350235136,407.729400634766
43,11,0,1,1,0,9.15384578704834,0,11,11,7,8.75,34,22,2.16905370036952,83.7928924560547
42,15,0,1,0,0,16.692310333252,1,18,13,2,26,61,60,3.25809653802148,278.633209228516
39,12,0,1,0,0,20.8269195556641,1,16,12,6,15.7299995422363,62,52,2.75556968796887,433.760589599609
39,9,0,1,1,0,19.788459777832,0,16,11,3,7,36,35,1.94591014905531,391.583129882812
39,14,0,1,0,0,14.307689666748,0,12,12,4,8.53999996185303,62,60,2.14476100333362,204.709976196289
39,14,0,1,0,0,18.961540222168,1,12,12,1,56.9199981689453,42,52,4.04164674105274,359.540008544922
37,12,0,1,0,0,17.442310333252,1,8,13,2,26.5,65,54,3.27714473299218,304.234191894531
44,12,0,1,1,0,20.6346092224121,0,5,10,6,8.8100004196167,38,31,2.17588748757768,425.787109375
38,16,0,1,0,0,11.961540222168,1,20,12,1,31,54,56,3.43398720448515,143.07844543457
40,12,0,1,0,0,20.4038505554199,1,14,16,4,18.5300006866455,59,57,2.91939107735315,416.317108154297
43,12,0,1,0,0,21.711540222168,0,16,12,1,25,61,59,3.2188758248682,471.390991210938
39,16,0,1,0,0,16.9038505554199,0,14,12,2,44.7099990844727,57,44,3.80019716976887,285.740173339844
41,12,0,1,0,1,20.1346092224121,1,2,6,6,7.5,42,38,2.01490302054226,405.402496337891
42,12,0,1,0,0,22.0769195556641,0,12,12,3,15.1099996566772,43,44,2.71535675356309,487.390380859375
42,12,0,1,0,0,20.0769195556641,1,17,17,1,21.3700008392334,42,42,3.06198810860262,403.082702636719
38,13,1,0,1,0,17.480770111084,0,9,14,3,8.43000030517578,39,44,2.13179680821492,305.577331542969
41,10,1,0,0,0,16.230770111084,0,10,10,1,7,46,50,1.94591014905531,263.437896728516
41,10,1,0,0,0,11.4230804443359,0,1,1,3,7.1399998664856,43,43,1.965712757652,130.486770629883
38,16,1,0,0,0,15.961540222168,1,12,11,3,41.8600006103516,46,50,3.73433073159864,254.770767211914
44,12,1,0,0,0,19.0961494445801,0,20,12,2,10.5,42,51,2.35137525716348,364.662933349609
37,12,1,0,0,0,18.769229888916,1,12,12,5,31.3899993896484,49,34,3.44648935140972,352.283996582031
45,12,1,0,0,0,15.3269195556641,0,12,12,3,5.65000009536743,53,60,1.73165556203754,234.914459228516
43,13,1,0,0,0,17.8461494445801,1,10,12,4,9,49,60,2.19722457733622,318.485046386719
40,19,1,0,0,0,6.76923084259033,1,16,16,2,8.69999980926514,62,55,2.16332300373699,45.8224868774414
40,10,1,0,0,0,14.019229888916,0,8,12,4,14,36,42,2.63905732961526,196.538803100586
44,12,1,0,0,0,11.5961503982544,1,9,12,3,18.75,43,48,2.93119375241642,134.470703125
39,12,1,0,1,0,7.30769300460815,1,12,12,4,6.25,36,34,1.83258146374831,53.4023780822754
39,12,1,0,1,0,10.8653898239136,1,4,7,11,8,36,25,2.07944154167984,118.056694030762
43,13,1,0,0,0,22.9038505554199,0,10,12,2,9,40,50,2.19722457733622,524.586364746094
44,16,1,0,0,0,19.519229888916,1,16,16,0,15,59,61,2.70805020110221,381.000335693359
43,16,1,0,0,0,14.5769195556641,1,18,15,5,9,46,59,2.19722457733622,212.486587524414
40,12,1,0,0,0,21.6153907775879,0,8,9,3,14.75,61,57,2.69124308278583,467.225128173828
44,13,1,0,0,0,12.788459777832,1,12,12,5,6,51,54,1.79175946922805,163.544708251953
43,15,1,0,0,0,16.942310333252,0,12,13,2,8,64,59,2.07944154167984,287.041870117188
37,18,1,0,0,0,11.480770111084,1,18,14,1,11,54,59,2.39789527279837,131.808074951172
38,12,1,0,0,0,17.6538505554199,1,12,12,2,20,50,54,2.99573227355399,311.658447265625
41,16,1,0,0,0,16.0769195556641,1,13,12,4,26.1599998474121,38,46,3.26423152075613,258.467346191406
41,16,1,0,0,0,16.769229888916,0,16,14,3,10.9300003051758,54,54,2.39151133010938,281.207061767578
38,16,1,0,0,0,14.3653898239136,1,5,11,2,21.7000007629395,58,46,3.07731229570491,206.36442565918
42,12,1,0,0,0,19.4230804443359,0,16,16,3,17.3600006103516,51,56,2.8541687443907,377.256042480469
44,15,1,0,1,0,9.38461494445801,0,12,12,9,6.73000001907349,32,46,1.90657514649074,88.0709991455078
41,16,1,0,0,0,18,0,10,12,2,39.6599998474121,65,61,3.68034311924425,324
39,12,1,0,1,0,6.11538505554199,0,11,11,13,7.84999990463257,34,31,2.0605135196456,37.3979339599609
40,13,1,0,1,0,13.5,0,14,10,1,15.5799999237061,38,39,2.74598803554569,182.25
45,12,1,0,0,0,21,0,12,12,6,17.7099990844727,39,52,2.87412940009924,441
39,13,1,0,0,0,20.192310333252,1,16,12,6,20.5400009155273,46,44,3.02237424907331,407.729400634766
40,14,1,0,1,0,20.4038505554199,1,12,12,3,20.8700008392334,39,38,3.03831276130154,416.317108154297
44,12,1,0,0,0,16.807689666748,1,3,8,7,10,47,43,2.30258509299405,282.498443603516
40,0,1,0,0,1,8.78846168518066,1,3,3,12,4.84000015258789,36,25,1.57691475225496,77.237060546875
37,10,1,0,0,0,2.07692289352417,1,8,13,2,6.25,46,46,1.83258146374831,4.31360864639282
41,16,1,0,0,0,11.5961503982544,0,12,12,9,5.15000009536743,43,52,1.63899673319359,134.470703125
41,12,1,0,0,1,23.288459777832,1,3,5,6,14,53,50,2.63905732961526,542.352355957031
41,15,1,0,1,0,5.67307710647583,0,12,12,3,9.75,34,56,2.27726728500976,32.1838035583496
43,12,1,0,0,0,21.230770111084,1,12,12,2,14.4099998474121,40,47,2.6679223994224,450.74560546875
44,12,1,0,0,0,21.211540222168,1,11,11,2,11.1700000762939,57,56,2.41323161991136,449.929443359375
39,12,1,0,0,0,18.0769195556641,1,12,12,2,2.90000009536743,46,47,1.06471076987775,326.775024414062
39,14,1,0,0,0,15.6346101760864,1,12,8,8,13.1099996566772,34,41,2.57337527158775,244.441040039062
39,16,1,0,0,0,17.0769195556641,1,16,16,3,14.4200000762939,59,56,2.66861613714765,291.621185302734
40,17,1,0,0,0,15.6538496017456,1,17,12,2,13.3699998855591,53,57,2.59301338255432,245.043014526367
41,12,1,0,0,0,9.09615421295166,1,13,12,2,4.15000009536743,47,60,1.42310835722271,82.7400207519531
41,12,1,0,0,1,15.557689666748,0,15,10,3,16,35,35,2.77258872223978,242.041702270508
38,16,1,0,0,0,15,0,16,12,3,16.3400001525879,54,57,2.79361609877016,225
42,12,1,0,0,0,21.288459777832,0,7,7,5,9.80000019073486,45,44,2.28238240513927,453.198516845703
42,18,1,0,0,0,18.3846092224121,1,18,14,5,24.6100006103516,51,57,3.20315288920392,337.993865966797
39,17,1,0,0,0,16.519229888916,0,12,12,3,17.2999992370605,32,33,2.85070645740319,272.884948730469
39,12,1,0,0,0,12.75,0,8,9,5,12.7700004577637,40,43,2.54709870589125,162.5625
42,12,1,0,0,0,2.13461494445801,1,8,12,2,14.5,50,52,2.67414864942653,4.55658102035522
40,16,1,0,0,0,14.730770111084,1,16,13,4,40.7200012207031,64,56,3.70671940222024,216.995590209961
40,13,1,0,1,0,20.8653907775879,0,12,12,3,8,32,39,2.07944154167984,435.364532470703
44,20,1,0,1,0,18.211540222168,0,9,9,11,38.4599990844727,61,60,3.64961871635597,331.660186767578
40,16,1,0,0,0,17,1,12,12,1,16,62,57,2.77258872223978,289
38,15,1,0,1,0,14.961540222168,1,12,6,4,10.1999998092651,43,43,2.32238770159073,223.847686767578
45,14,1,0,0,0,19.9038505554199,1,11,12,2,18,54,57,2.89037175789616,396.163269042969
45,12,1,0,0,0,22.961540222168,1,9,10,8,24.0300006866455,49,55,3.17930307832289,527.232299804688
38,16,1,0,0,1,13.8653898239136,0,8,12,5,15.7299995422363,36,39,2.75556968796887,192.249038696289
45,15,1,0,0,0,11.5961503982544,0,12,12,0,6.28000020980835,58,57,1.83737001388908,134.470703125
37,10,1,0,0,0,9.25,1,10,9,4,20.8299999237061,36,35,3.03639425161019,85.5625
38,14,1,0,1,0,10.8269195556641,0,12,11,4,7.5,34,30,2.01490302054226,117.222190856934
40,18,1,0,0,0,15.711540222168,1,8,19,3,22.5200004577637,57,57,3.11440382359847,246.852493286133
43,13,1,0,0,0,17.557689666748,0,12,12,4,9.5,40,48,2.2512917986065,308.2724609375
40,14,1,0,0,1,19.8269195556641,1,12,4,0,7.05999994277954,62,48,1.95444504340027,393.106750488281
38,13,1,0,0,0,13.3653898239136,1,12,12,1,8.25,55,54,2.11021320034659,178.633651733398
42,17,1,0,0,0,17.3269195556641,1,12,13,4,11.5,64,55,2.4423470353692,300.222137451172
41,13,1,0,0,0,14.3846101760864,1,11,12,2,8,38,44,2.07944154167984,206.917007446289
44,12,1,0,0,0,11.4038496017456,1,7,10,3,8.42000007629395,45,56,2.13060983731527,130.047790527344
41,12,1,0,0,0,17.538459777832,0,12,12,4,15.3699998855591,42,44,2.73241755010477,307.597564697266
41,12,1,0,0,0,20.4038505554199,1,12,12,4,17.7000007629395,47,48,2.87356468268371,416.317108154297
38,14,1,0,0,1,18.25,0,16,12,2,16.4099998474121,61,56,2.79789089580353,333.0625
43,12,1,0,0,0,15.269229888916,1,10,12,4,8.32999992370605,39,50,2.11986344701981,233.149383544922
41,17,1,0,0,0,17.1346092224121,0,10,10,3,20.1900005340576,55,59,3.00518745877634,293.594818115234
38,12,1,0,0,0,12.480770111084,0,8,11,8,7.25,55,46,1.98100146886658,155.769622802734
38,19,1,0,0,0,9.557692527771,1,12,18,0,15.1000003814697,61,57,2.71469476908377,91.3494873046875
43,12,1,0,0,0,21.8461494445801,0,12,13,1,21,61,54,3.04452243772342,477.254241943359
43,14,1,0,0,0,15.461540222168,1,13,12,4,19.6200008392334,62,61,2.9765494969116,239.059219360352
39,12,1,0,0,0,12,1,12,12,3,10,42,57,2.30258509299405,144
42,13,1,0,1,0,22.75,0,9,14,3,11.75,43,31,2.46385324059017,517.5625
40,19,1,0,0,0,10.730770111084,1,17,16,1,9.5,58,57,2.2512917986065,115.149429321289
43,12,1,0,0,0,23.25,1,16,12,6,7.75,57,55,2.04769284336526,540.5625
37,12,1,0,0,1,12.557689666748,0,14,4,8,12.2399997711182,43,44,2.50470925838468,157.695571899414
45,14,1,0,1,0,17.557689666748,0,17,14,3,9.25,43,24,2.22462355152433,308.2724609375
39,17,1,0,0,0,10,1,12,12,3,19.2299995422363,54,55,2.95647153579602,100
45,12,1,0,0,0,21.1730804443359,1,12,11,1,15.1099996566772,53,56,2.71535675356309,448.299346923828
44,18,1,0,0,0,4.92307710647583,0,16,12,1,16.1000003814697,46,51,2.77881929568419,24.2366886138916
44,14,1,0,0,0,13.788459777832,1,11,12,7,22.7800006866455,49,59,3.12588298816151,190.121627807617
44,12,1,0,0,0,21.8846092224121,1,10,9,1,9.5,38,54,2.2512917986065,478.936126708984
38,14,1,0,0,0,14.9230804443359,0,20,16,2,38.2599983215332,59,56,3.64440492014209,222.698333740234
41,12,1,0,1,0,7.34615421295166,1,7,9,3,7.5,32,44,2.01490302054226,53.9659805297852
38,17,1,0,0,0,11.711540222168,1,18,16,2,31.25,57,56,3.44201937618241,137.160171508789
45,12,1,0,0,0,22.711540222168,1,11,7,2,17.7800006866455,36,34,2.87807426870474,515.814086914062
43,12,1,0,0,0,3.32692289352417,1,12,12,4,6.25,46,51,1.83258146374831,11.0684156417847
41,14,1,0,0,0,22.3461494445801,0,16,12,6,72.1100006103516,58,51,4.27819273939284,499.350402832031
39,14,1,0,1,0,13.192310333252,0,11,12,4,16.3400001525879,39,50,2.79361609877016,174.037048339844
38,18,1,0,0,0,13.192310333252,1,12,12,3,18.0200004577637,57,56,2.89148227758328,174.037048339844
41,12,1,0,0,0,16.8653907775879,1,12,8,3,13.25,53,54,2.58399755243223,284.44140625
38,12,1,0,1,0,13.519229888916,0,12,12,4,16.25,36,47,2.78809290877575,182.769577026367
38,16,1,0,0,0,10.9038496017456,1,13,13,3,7.15000009536743,59,51,1.96711237004402,118.893936157227
37,12,1,0,0,0,11.692310333252,0,12,13,4,11.2200002670288,39,37,2.41769792389391,136.710113525391
41,12,1,0,1,0,6.09615421295166,0,9,11,1,7,30,29,1.94591014905531,37.1630973815918
45,12,1,0,0,0,20.980770111084,1,10,12,6,12.960000038147,58,61,2.56186769386757,440.192718505859
38,18,1,0,0,0,11.711540222168,1,11,12,2,41.8199996948242,58,57,3.73337468670312,137.160171508789
40,12,1,0,0,0,21.480770111084,1,12,12,3,18,46,50,2.89037175789616,461.423492431641
43,12,1,0,0,0,9.88461494445801,1,12,9,3,3.32999992370605,38,39,1.20297228108126,97.7056121826172
40,12,1,0,0,0,19.942310333252,1,9,8,3,10.8000001907349,39,28,2.37954615179081,397.695739746094
44,12,1,0,1,0,18.288459777832,1,12,12,4,9.46000003814697,36,37,2.24707238709624,334.4677734375
41,12,1,0,0,0,16.1346092224121,1,12,12,4,12,39,54,2.484906649788,260.325622558594
39,13,1,0,0,0,16.8846092224121,1,13,12,3,20,47,50,2.99573227355399,285.090026855469
41,12,1,0,0,0,23.038459777832,0,12,12,3,15.1099996566772,53,47,2.71535675356309,530.770629882812
41,12,1,0,1,0,5.90384578704834,1,12,10,4,6,34,44,1.79175946922805,34.855396270752
42,12,1,0,0,0,18.461540222168,1,9,12,3,11.6599998474121,46,56,2.45616416783591,340.828460693359
42,12,1,0,0,0,20.980770111084,1,12,12,4,12.3500003814697,51,48,2.51365609396222,440.192718505859
39,17,1,0,0,0,12.769229888916,1,12,12,4,6.5,58,38,1.87180217690159,163.053237915039
39,13,1,0,0,1,17.211540222168,1,0,0,4,10.5,38,33,2.35137525716348,296.237121582031
41,10,1,0,1,0,19.8461494445801,0,11,12,3,6.96999979019165,38,28,1.9416151946708,393.869659423828
43,18,1,0,0,0,17.8269195556641,1,12,12,2,35,59,56,3.55534806148941,317.799072265625
41,12,1,0,1,0,21.9230804443359,1,8,10,4,19.2299995422363,42,52,2.95647153579602,480.621459960938
37,13,1,0,0,0,15.6346101760864,1,14,12,1,8.05000019073486,39,57,2.08567211512424,244.441040039062
38,14,1,0,0,0,14.038459777832,1,11,12,4,3,45,43,1.09861228866811,197.078353881836
44,10,1,0,0,0,17.8846092224121,1,12,10,5,11,32,35,2.39789527279837,319.859252929688
40,16,1,0,0,0,17.9038505554199,1,12,11,3,20.5599994659424,59,57,3.0233474146114,320.5478515625
41,13,1,0,0,0,20.788459777832,0,14,12,0,11.6800003051758,64,59,2.45787800352814,432.160064697266
43,16,1,0,0,0,20.3269195556641,1,16,15,3,36.0499992370605,49,57,3.58490684256759,413.183654785156
39,12,1,0,0,0,21.480770111084,1,12,12,2,13.8599996566772,55,54,2.629006968991,461.423492431641
44,7,1,0,0,0,16.75,0,10,6,5,7.25,32,25,1.98100146886658,280.5625
45,12,1,0,0,0,22.807689666748,1,8,9,3,4.75,55,55,1.55814461804655,520.190734863281
43,15,1,0,0,0,21.230770111084,1,16,17,2,18.4200000762939,58,61,2.91343703496907,450.74560546875
41,12,1,0,0,0,16.3653907775879,0,6,9,3,2.34999990463257,36,33,0.854415287574181,267.826019287109
44,12,1,0,0,0,15.3269195556641,1,10,12,2,13.5,65,57,2.60268968544438,234.914459228516
38,12,1,0,0,0,10.9038496017456,1,12,11,1,6,39,37,1.79175946922805,118.893936157227
41,16,1,0,0,0,19.961540222168,0,16,12,2,39.2400016784668,62,61,3.66969667747154,398.463073730469
40,15,1,0,1,0,16.6346092224121,0,8,10,2,16,39,55,2.77258872223978,276.710235595703
39,13,1,0,0,0,14.942310333252,1,10,10,5,22,49,37,3.09104245335832,223.272644042969
45,14,1,0,0,0,20,1,20,12,2,23.5,55,60,3.15700042115011,400
40,16,1,0,0,0,11.3653898239136,1,12,11,2,55.2799987792969,65,55,4.01241115737723,129.172088623047
41,16,1,0,0,0,18.807689666748,1,18,12,3,16.6100006103516,47,57,2.81000496037123,353.729187011719
42,14,1,0,0,0,16.25,0,15,14,3,23.4500007629395,43,60,3.15487052742702,264.0625
37,10,1,0,0,0,15.538459777832,1,6,9,7,12.3500003814697,40,25,2.51365609396222,241.443725585938
38,16,1,0,0,0,16.1538505554199,1,12,12,4,36.3199996948242,61,50,3.59236854533068,260.946899414062
42,12,1,0,0,0,23.0769195556641,1,8,7,4,8.5,42,47,2.14006616349627,532.544189453125
40,13,1,0,0,0,17.5961494445801,1,9,11,2,13,49,51,2.56494935746154,309.624481201172
40,12,1,0,1,0,5.09615421295166,0,10,11,9,9.38000011444092,39,24,2.23857977521866,25.9707870483398
43,13,1,0,0,0,10.3461503982544,0,9,10,6,7.57999992370605,35,55,2.02551318958912,107.042831420898
43,12,1,0,0,0,20.1730804443359,0,11,10,3,18,59,52,2.89037175789616,406.953186035156
38,16,1,0,0,0,9.28846168518066,1,19,10,0,12,66,57,2.484906649788,86.275520324707
41,12,1,0,0,0,17.519229888916,1,12,14,2,10.8900003433228,36,38,2.38784496847129,306.923400878906
40,12,1,0,0,0,21.788459777832,1,12,12,4,15.9300003051758,45,56,2.76820414307926,474.736968994141
44,12,1,0,0,0,23.230770111084,1,17,16,4,16.5400009155273,59,60,2.80578174494786,539.668701171875
41,12,1,0,1,0,22.980770111084,0,12,11,5,10.789999961853,39,35,2.37861977573464,528.115783691406
39,16,1,0,0,0,17.269229888916,1,16,12,4,23.0699996948242,66,61,3.13853305895741,298.226287841797
38,12,1,0,0,0,15.788459777832,1,12,11,4,12,53,54,2.484906649788,249.275466918945
39,14,1,0,0,0,17.9038505554199,1,14,16,7,23.25,46,55,3.14630513203337,320.5478515625
44,12,1,0,0,0,23.192310333252,1,15,15,6,16.8199996948242,42,55,2.82256863640118,537.883239746094
44,12,1,0,0,0,4.44230699539185,0,12,12,4,14.5,59,60,2.67414864942653,19.7340908050537
43,12,1,0,1,0,12.9230804443359,0,7,8,3,8.52999973297119,38,34,2.14358933019892,167.006011962891
39,9,1,0,0,0,10.4230804443359,1,12,12,3,7.40000009536743,39,29,2.00148001309761,108.640609741211
39,16,1,0,0,0,15.730770111084,0,13,14,3,31.25,38,50,3.44201937618241,247.457122802734
38,18,1,0,0,0,15.019229888916,1,12,12,0,6.15000009536743,43,55,1.81645209732533,225.577270507812
44,15,1,0,0,1,4.59615421295166,1,12,12,3,20.1900005340576,43,54,3.00518745877634,21.1246337890625
39,12,1,0,0,0,16.9230804443359,1,11,12,2,9,35,34,2.19722457733622,286.390655517578
38,12,1,0,0,0,20.230770111084,1,11,12,1,14,58,59,2.63905732961526,409.284057617188
38,18,1,0,0,0,9.88461494445801,1,12,12,1,21.1499996185303,61,57,3.05163988745589,97.7056121826172
39,14,1,0,0,0,13.5961503982544,1,12,12,6,2.65000009536743,51,50,0.97455967598584,184.85530090332
45,12,1,0,0,0,15.230770111084,0,12,12,1,10.9799995422363,45,54,2.3960753943907,231.976364135742
42,12,1,0,1,0,22.730770111084,0,9,11,4,11.5299997329712,30,21,2.44495231112149,516.687927246094
44,17,1,0,1,0,14.3461503982544,0,12,16,0,14.9300003051758,55,57,2.70337263199154,205.812026977539
42,16,1,0,0,0,19.557689666748,0,12,12,0,24.4699993133545,45,46,3.19744784939387,382.503234863281
39,15,1,0,0,1,12.0769195556641,1,14,12,5,19.5,32,37,2.9704144655697,145.851989746094
39,20,1,0,0,0,13,1,18,14,2,80.120002746582,64,39,4.38352554507847,169
40,18,1,0,0,0,12.25,1,15,16,2,33.1699981689453,55,60,3.50164579775683,150.0625
38,12,1,0,0,0,1.76923096179962,0,7,9,3,9.75,36,33,2.27726728500976,3.13017821311951
40,13,1,0,0,0,14.4230804443359,1,9,12,2,9.30000019073486,50,56,2.23001442066833,208.025253295898
38,16,1,0,0,0,15.692310333252,1,15,12,4,9.88000011444092,45,50,2.29051252334287,246.248596191406
43,12,1,0,0,0,18.4038505554199,1,14,14,1,7.5,35,52,2.01490302054226,338.701721191406
43,14,1,0,0,0,15.3269195556641,0,6,9,7,15.1400003433228,43,61,2.71734027068584,234.914459228516
38,12,1,0,0,0,15.211540222168,1,10,10,1,9,42,43,2.19722457733622,231.390960693359
39,8,1,0,0,0,18.3461494445801,0,6,12,5,9.69999980926514,38,42,2.27212586584595,336.581207275391
38,12,1,0,0,0,16.442310333252,1,11,11,2,29,50,46,3.36729582998647,270.349578857422
38,12,1,0,0,0,20.230770111084,0,12,13,7,48,43,42,3.87120101090789,409.284057617188
40,18,1,0,0,0,15.5769195556641,1,12,11,5,14.539999961853,42,56,2.67690346948179,242.640426635742
42,13,1,0,0,0,19.730770111084,0,8,10,3,14,47,55,2.63905732961526,389.303283691406
44,14,1,0,0,0,19.0961494445801,1,12,16,5,7,61,57,1.94591014905531,364.662933349609
38,15,1,0,0,0,13.519229888916,1,12,12,2,11.8299999237061,55,60,2.4706386715411,182.769577026367
44,15,1,0,0,0,15.1346101760864,1,18,16,5,10,55,59,2.30258509299405,229.056427001953
43,14,1,0,1,0,20.788459777832,1,18,12,2,32.0499992370605,59,61,3.46729715956202,432.160064697266
45,12,1,0,0,0,8.98076915740967,1,10,5,4,6,51,59,1.79175946922805,80.6542129516602
38,16,1,0,0,0,16.5961494445801,1,12,11,2,26.3500003814697,50,50,3.2714682894644,275.432189941406
41,12,1,0,0,0,22.4038505554199,1,12,12,4,18,43,50,2.89037175789616,501.932525634766
39,17,1,0,0,0,14.807689666748,1,15,12,3,12.3000001907349,57,56,2.50959927788527,219.267669677734
42,12,1,0,0,0,23.557689666748,1,12,10,3,12,40,55,2.484906649788,554.964721679688
42,15,1,0,0,0,16.711540222168,1,8,8,4,16.0200004577637,53,47,2.77383797021472,279.275573730469
41,17,1,0,0,0,16.1153907775879,0,10,12,4,16.6599998474121,58,54,2.81301062757976,259.705810546875
41,12,1,0,0,0,19.288459777832,0,8,11,4,13.0200004577637,66,59,2.56648667193892,372.044677734375
40,12,1,0,0,0,13.730770111084,0,10,11,3,12.5,40,54,2.52572864430826,188.534042358398
42,12,1,0,0,0,12.980770111084,0,12,8,7,9.68000030517578,42,54,2.27006193281491,168.500396728516
39,15,1,0,0,0,8.57692337036133,0,10,12,4,21.6299991607666,51,46,3.07408120116546,73.5636138916016
41,20,1,0,0,0,9.807692527771,0,12,9,4,24.1200008392334,62,61,3.18304140665307,96.1908340454102
41,12,1,0,0,0,18.6538505554199,1,11,10,4,14.9799995422363,42,51,2.70671594753075,347.966125488281
43,12,1,0,0,0,16.6730804443359,1,12,16,2,3.29999995231628,42,38,1.19392245402282,277.991607666016
41,16,1,0,0,0,20.6538505554199,1,9,9,3,5.28000020980835,42,51,1.6639261374546,426.58154296875
43,13,1,0,0,0,18.4038505554199,1,13,13,3,13.789999961853,46,51,2.62394368903893,338.701721191406
41,12,1,0,0,0,19.769229888916,0,8,6,2,6.75,42,41,1.90954250488444,390.822448730469
42,16,1,0,0,0,16.230770111084,1,13,12,2,17.1399993896484,66,61,2.84141487755986,263.437896728516
44,13,1,0,0,0,22.1346092224121,1,14,12,4,23,51,51,3.13549421592915,489.94091796875
45,18,1,0,0,0,20.4038505554199,0,10,12,2,21.8199996948242,59,56,3.08282696641887,416.317108154297
41,11,1,0,0,0,9.78846168518066,1,9,9,3,8.69999980926514,45,34,2.16332300373699,95.8139801025391
43,15,1,0,0,0,18.25,1,8,12,4,14.4200000762939,55,59,2.66861613714765,333.0625
40,12,1,0,1,0,17.442310333252,1,12,10,5,10,40,43,2.30258509299405,304.234191894531
38,15,1,0,1,0,15.6153898239136,1,11,12,4,20.8799991607666,47,50,3.03879172282127,243.840393066406
42,12,1,0,0,0,17.5,1,9,12,3,23.1499996185303,38,41,3.14199476405407,306.25
40,14,1,0,0,0,19.25,1,12,12,3,16,58,47,2.77258872223978,370.5625
37,15,1,0,0,0,13.230770111084,0,15,12,1,14.6499996185303,49,54,2.68444030942419,175.053283691406
40,14,1,0,0,0,11.769229888916,1,7,9,3,8.5,46,57,2.14006616349627,138.514770507812
40,13,1,0,0,0,19.711540222168,0,10,12,0,11.5299997329712,38,52,2.44495231112149,388.544830322266
41,17,1,0,0,0,15.8846101760864,1,12,12,1,21.3600006103516,62,48,3.06152004266651,252.320846557617
38,16,1,0,0,0,16.8461494445801,1,12,12,2,36.3199996948242,55,50,3.59236854533068,283.792755126953
38,12,1,0,0,0,18.692310333252,0,12,12,2,11.960000038147,40,46,2.48156775171203,349.402465820312
38,17,1,0,0,0,13.269229888916,0,12,12,2,13.2200002670288,58,54,2.58173085462239,176.072463989258
41,16,1,0,0,0,18.25,1,16,14,4,30.2800006866455,62,60,3.41048745124578,333.0625
44,12,1,0,0,0,22.0961494445801,1,10,8,2,11.5699996948242,55,55,2.44841551482911,488.239807128906
40,20,1,0,0,0,13.5961503982544,0,16,12,4,17.2999992370605,65,61,2.85070645740319,184.85530090332
44,12,1,0,0,0,17.8846092224121,1,12,12,6,15,54,50,2.70805020110221,319.859252929688
38,17,1,0,0,0,16.0961494445801,0,16,12,2,11.8699998855591,51,59,2.47401419898039,259.086029052734
38,12,1,0,0,0,20.269229888916,1,9,12,1,10.5,35,39,2.35137525716348,410.841674804688
37,12,1,0,0,0,12.557689666748,0,9,12,6,5,35,50,1.6094379124341,157.695571899414
42,12,1,0,0,0,15.230770111084,1,12,12,3,13.6599998474121,43,54,2.61447184297223,231.976364135742
42,12,1,0,0,1,9.98076915740967,0,12,8,3,8,36,30,2.07944154167984,99.6157531738281
41,12,1,0,0,0,21.769229888916,0,12,11,2,22.1100006103516,58,57,3.09603002247458,473.899383544922
40,12,1,0,1,0,8.73076915740967,0,3,7,11,53.060001373291,47,42,3.97142337459144,76.2263336181641
40,19,1,0,0,0,13.25,1,16,16,4,62.5,59,52,4.13516655674236,175.5625
43,13,1,0,0,0,20.4230804443359,0,13,14,3,10.5,62,56,2.35137525716348,417.102203369141
43,16,1,0,0,0,16.8269195556641,0,16,14,2,17.1800003051758,51,57,2.84374593431954,283.145233154297
38,13,1,0,0,0,2.17307710647583,0,12,12,3,18.0400009155273,42,54,2.89259156538433,4.72226428985596
40,12,1,0,0,0,15.038459777832,0,7,9,2,2.27999997138977,49,54,0.824175430418003,226.1552734375
40,12,1,0,0,0,15.019229888916,0,8,12,3,6.75,45,39,1.90954250488444,225.577270507812
38,19,1,0,0,0,10.5961503982544,1,12,12,2,14.1700000762939,55,60,2.65112705908678,112.27840423584
42,16,1,0,0,0,13.9038496017456,1,16,14,7,17.5200004577637,57,59,2.86334311163631,193.317031860352
40,12,1,0,1,0,8.86538505554199,1,10,10,3,6.75,38,26,1.90954250488444,78.5950546264648
41,14,1,0,0,1,14.961540222168,1,10,10,1,25,42,46,3.2188758248682,223.847686767578
37,16,1,0,0,0,15.230770111084,1,14,14,4,27.5,50,51,3.31418600467253,231.976364135742
45,14,1,0,0,0,17.038459777832,1,11,13,3,17.5699996948242,54,50,2.86619288482987,290.309112548828
41,13,1,0,0,0,21.1730804443359,0,12,12,1,21.1000003814697,64,51,3.04927305856115,448.299346923828
41,17,1,0,0,0,10.307689666748,1,16,14,4,20.6299991607666,55,51,3.02674628640292,106.248466491699
38,12,1,0,0,1,13.769229888916,1,3,5,6,11.2799997329712,40,38,2.42303122239715,189.591690063477
40,16,1,0,0,0,12.711540222168,1,8,12,6,30,55,54,3.40119738166216,161.583251953125
39,12,1,0,0,0,20.9038505554199,1,12,12,3,10.25,43,34,2.32727770558442,436.970977783203
38,13,1,0,0,0,18.461540222168,0,18,12,6,16.8199996948242,53,47,2.82256863640118,340.828460693359
43,12,1,0,1,0,22.961540222168,0,12,12,2,20.0100002288818,51,44,2.99623216003401,527.232299804688
39,18,1,0,0,0,10.1153898239136,1,16,16,2,33.6500015258789,62,54,3.51601310143632,102.321113586426
38,13,1,0,0,0,13.538459777832,0,12,12,3,9.81999969482422,45,43,2.28442109128941,183.289886474609
38,12,1,0,0,0,18.442310333252,1,12,12,3,23,58,41,3.13549421592915,340.118804931641
42,12,1,0,1,0,16.1538505554199,0,8,10,6,17.5,45,35,2.86220088092947,260.946899414062
43,16,1,0,0,0,19.3269195556641,0,12,12,8,21.5,59,54,3.06805293513362,373.529815673828
44,16,1,0,0,0,16.1730804443359,1,6,11,2,13,58,59,2.56494935746154,261.568542480469
38,14,1,0,0,0,12.057689666748,1,12,10,1,13,54,51,2.56494935746154,145.387878417969
42,16,1,0,0,0,19.519229888916,1,12,12,4,36.2400016784668,59,60,3.59016352749009,381.000335693359
42,12,1,0,0,0,17.4038505554199,1,14,10,2,16.5300006866455,40,47,2.80517695337229,302.894012451172
43,13,1,0,0,0,6.40384578704834,1,10,12,3,10,53,57,2.30258509299405,41.0092391967773
39,12,1,0,1,0,18.9230804443359,0,10,12,3,5.44000005722046,36,39,1.69377907138632,358.082977294922
38,16,1,0,0,0,14.1153898239136,1,8,12,3,13.4200000762939,57,51,2.59674613722863,199.244232177734
37,12,1,0,0,0,18.461540222168,0,12,15,6,13.6199998855591,35,41,2.61153929231895,340.828460693359
39,18,1,0,0,0,12.6346101760864,1,10,12,5,22.0200004577637,51,47,3.09195115208307,159.633377075195
38,14,1,0,0,0,13.1346101760864,0,12,12,1,12.5,38,39,2.52572864430826,172.517990112305
45,12,1,0,0,0,18.057689666748,1,7,16,4,7,58,60,1.94591014905531,326.080169677734
42,16,1,0,0,0,7.13461494445801,1,9,10,5,16.9500007629395,35,39,2.83026787883764,50.9027290344238
44,20,1,0,0,0,7.01923084259033,1,15,12,3,28.0400009155273,61,61,3.33363209481715,49.2695999145508
44,15,1,0,0,0,20.211540222168,1,16,12,2,23.5,58,56,3.15700042115011,408.50634765625
